{
  "version": "1.0.0",
  "total_badges": 39,
  "categories": {
    "streak": {
      "name": "連續冥想",
      "name_en": "Meditation Streak",
      "count": 9,
      "badges": [
        {"id": "streak_3", "name": "初芽萌發", "name_en": "First Sprout", "file": "badge_streak_3_sprout.svg", "rarity": "common", "requirement": "連續3天"},
        {"id": "streak_7", "name": "幼苗成長", "name_en": "Growing Seedling", "file": "badge_streak_7_seedling.svg", "rarity": "common", "requirement": "連續7天"},
        {"id": "streak_14", "name": "麥穗金黃", "name_en": "Golden Wheat", "file": "badge_streak_14_wheat.svg", "rarity": "uncommon", "requirement": "連續14天"},
        {"id": "streak_21", "name": "深根茁壯", "name_en": "Deep Roots", "file": "badge_streak_21_roots.svg", "rarity": "uncommon", "requirement": "連續21天"},
        {"id": "streak_30", "name": "圓月當空", "name_en": "Full Moon", "file": "badge_streak_30_moon.svg", "rarity": "rare", "requirement": "連續30天"},
        {"id": "streak_60", "name": "雙月輪轉", "name_en": "Twin Moons", "file": "badge_streak_60_twinmoon.svg", "rarity": "rare", "requirement": "連續60天"},
        {"id": "streak_90", "name": "四季輪迴", "name_en": "Four Seasons", "file": "badge_streak_90_seasons.svg", "rarity": "epic", "requirement": "連續90天"},
        {"id": "streak_180", "name": "陰陽調和", "name_en": "Yin-Yang Balance", "file": "badge_streak_180_yinyang.svg", "rarity": "epic", "requirement": "連續180天"},
        {"id": "streak_365", "name": "金蓮綻放", "name_en": "Golden Lotus", "file": "badge_streak_365_lotus.svg", "rarity": "legendary", "requirement": "連續365天"}
      ]
    },
    "collection": {
      "name": "藥材收集",
      "name_en": "Herb Collection",
      "count": 8,
      "badges": [
        {"id": "herb10", "name": "初識藥草", "name_en": "Herb Beginner", "file": "badge_collection_herb10_basket.svg", "rarity": "common", "requirement": "收集10種藥材"},
        {"id": "herb20", "name": "藥草束成", "name_en": "Herb Bundle", "file": "badge_collection_herb20_bundle.svg", "rarity": "uncommon", "requirement": "收集20種藥材"},
        {"id": "herb35", "name": "本草通曉", "name_en": "Herbal Scholar", "file": "badge_collection_herb35_book.svg", "rarity": "rare", "requirement": "收集35種藥材"},
        {"id": "herb54", "name": "藥典大師", "name_en": "Master Herbalist", "file": "badge_collection_herb54_master.svg", "rarity": "legendary", "requirement": "收集全部54種藥材"},
        {"id": "root", "name": "根系專家", "name_en": "Root Expert", "file": "badge_collection_root.svg", "rarity": "uncommon", "requirement": "收集所有根類藥材"},
        {"id": "flower", "name": "花朵專家", "name_en": "Flower Expert", "file": "badge_collection_flower.svg", "rarity": "uncommon", "requirement": "收集所有花類藥材"},
        {"id": "fruit", "name": "果實專家", "name_en": "Fruit Expert", "file": "badge_collection_fruit.svg", "rarity": "uncommon", "requirement": "收集所有果實藥材"},
        {"id": "mineral", "name": "礦物專家", "name_en": "Mineral Expert", "file": "badge_collection_mineral.svg", "rarity": "rare", "requirement": "收集所有礦物藥材"}
      ]
    },
    "solar_term": {
      "name": "節氣探索",
      "name_en": "Solar Term Explorer",
      "count": 7,
      "badges": [
        {"id": "spring", "name": "春意盎然", "name_en": "Spring Bloom", "file": "badge_solar_spring.svg", "rarity": "uncommon", "requirement": "完成所有春季節氣冥想"},
        {"id": "summer", "name": "夏日炎炎", "name_en": "Summer Sun", "file": "badge_solar_summer.svg", "rarity": "uncommon", "requirement": "完成所有夏季節氣冥想"},
        {"id": "autumn", "name": "秋收豐盈", "name_en": "Autumn Harvest", "file": "badge_solar_autumn.svg", "rarity": "uncommon", "requirement": "完成所有秋季節氣冥想"},
        {"id": "winter", "name": "冬藏靜謐", "name_en": "Winter Serenity", "file": "badge_solar_winter.svg", "rarity": "uncommon", "requirement": "完成所有冬季節氣冥想"},
        {"id": "all24", "name": "四時通達", "name_en": "Four Seasons Master", "file": "badge_solar_all24_fourseasons.svg", "rarity": "legendary", "requirement": "完成全部24節氣冥想"},
        {"id": "equinox", "name": "春秋平分", "name_en": "Equinox Balance", "file": "badge_solar_equinox.svg", "rarity": "rare", "requirement": "在春分和秋分當天完成冥想"},
        {"id": "solstice", "name": "至日守候", "name_en": "Solstice Keeper", "file": "badge_solar_solstice.svg", "rarity": "rare", "requirement": "在夏至和冬至當天完成冥想"}
      ]
    },
    "meditation_time": {
      "name": "冥想時長",
      "name_en": "Meditation Time",
      "count": 5,
      "badges": [
        {"id": "time60", "name": "一時之功", "name_en": "First Hour", "file": "badge_time_60_hourglass1.svg", "rarity": "common", "requirement": "累計60分鐘"},
        {"id": "time300", "name": "五時沉澱", "name_en": "Five Hours", "file": "badge_time_300_hourglass2.svg", "rarity": "uncommon", "requirement": "累計300分鐘"},
        {"id": "time600", "name": "十時鐘響", "name_en": "Ten Hours Bell", "file": "badge_time_600_bell.svg", "rarity": "rare", "requirement": "累計600分鐘"},
        {"id": "time1500", "name": "蓮座安坐", "name_en": "Lotus Seat", "file": "badge_time_1500_lotus_seat.svg", "rarity": "epic", "requirement": "累計1500分鐘"},
        {"id": "time3000", "name": "頂輪開啟", "name_en": "Crown Chakra", "file": "badge_time_3000_crown.svg", "rarity": "legendary", "requirement": "累計3000分鐘"}
      ]
    },
    "special": {
      "name": "特殊成就",
      "name_en": "Special Achievements",
      "count": 10,
      "badges": [
        {"id": "first", "name": "初次足跡", "name_en": "First Steps", "file": "badge_special_first.svg", "rarity": "common", "requirement": "完成第一次冥想"},
        {"id": "earlybird", "name": "晨曦先行", "name_en": "Early Bird", "file": "badge_special_earlybird.svg", "rarity": "uncommon", "requirement": "在早上6點前完成冥想"},
        {"id": "nightowl", "name": "夜鴞守靜", "name_en": "Night Owl", "file": "badge_special_nightowl.svg", "rarity": "uncommon", "requirement": "在晚上11點後完成冥想"},
        {"id": "weekend", "name": "週末修行", "name_en": "Weekend Warrior", "file": "badge_special_weekend.svg", "rarity": "uncommon", "requirement": "連續4個週末都有冥想"},
        {"id": "newyear", "name": "新春吉祥", "name_en": "New Year Blessing", "file": "badge_special_newyear.svg", "rarity": "rare", "requirement": "農曆新年當天冥想"},
        {"id": "lantern", "name": "元宵團圓", "name_en": "Lantern Festival", "file": "badge_special_lantern.svg", "rarity": "rare", "requirement": "元宵節當天冥想"},
        {"id": "dragon", "name": "端午安康", "name_en": "Dragon Boat", "file": "badge_special_dragon.svg", "rarity": "rare", "requirement": "端午節當天冥想"},
        {"id": "midautumn", "name": "中秋月圓", "name_en": "Mid-Autumn Moon", "file": "badge_special_midautumn.svg", "rarity": "rare", "requirement": "中秋節當天冥想"},
        {"id": "sharer", "name": "傳遞善緣", "name_en": "Wisdom Sharer", "file": "badge_special_sharer.svg", "rarity": "uncommon", "requirement": "分享冥想給好友"},
        {"id": "comeback", "name": "鳳凰涅槃", "name_en": "Phoenix Rising", "file": "badge_special_comeback_phoenix.svg", "rarity": "rare", "requirement": "中斷7天後重新開始"}
      ]
    }
  },
  "rarity_colors": {
    "common": "#9E9E9E",
    "uncommon": "#4CAF50",
    "rare": "#2196F3",
    "epic": "#9C27B0",
    "legendary": "#FF9800"
  }
}
